{
	"credit": "Made with Blockbench by Night (NightScythe1)",
	"texture_size": [64, 64],
	"textures": {
		"0": "custom/dragons/nadder/nadderrightwing",
		"particle": "custom/dragons/nadder/nadderrightwing"
	},
	"elements": [
		{
			"from": [-3.51788, 6.36109, 2.54294],
			"to": [6.59812, 8.73709, 4.91894],
			"rotation": {"angle": 22.5, "axis": "z", "origin": [2.71012, 7.54909, 3.73094]},
			"faces": {
				"north": {"uv": [9.75, 2.5, 8.375, 2.875], "texture": "#0", "tintindex": 0},
				"east": {"uv": [9, 1.125, 8.375, 1.75], "texture": "#0", "tintindex": 0},
				"south": {"uv": [9.75, 2.375, 8.375, 3], "texture": "#0", "tintindex": 0},
				"west": {"uv": [9, 1.25, 8.375, 1.875], "texture": "#0", "tintindex": 0},
				"up": {"uv": [8.375, 2.875, 9.75, 2.5], "texture": "#0", "tintindex": 0},
				"down": {"uv": [8.375, 2.375, 9.875, 2.875], "texture": "#0", "tintindex": 0}
			}
		},
		{
			"from": [6.65212, 7.97454, 1.81266],
			"to": [15.29212, 10.13454, 3.97266],
			"rotation": {"angle": 22.5, "axis": "y", "origin": [8.62849, 9.66913, 6.46829]},
			"faces": {
				"north": {"uv": [9.875, 2.375, 8.375, 3], "texture": "#0", "tintindex": 0},
				"east": {"uv": [8.875, 1, 8.25, 1.625], "texture": "#0", "tintindex": 0},
				"south": {"uv": [9.875, 2.375, 8.375, 3], "texture": "#0", "tintindex": 0},
				"west": {"uv": [8.875, 1, 8.5, 1.75], "texture": "#0", "tintindex": 0},
				"up": {"uv": [8.25, 3, 9.5, 2.625], "texture": "#0", "tintindex": 0},
				"down": {"uv": [8.5, 2.375, 9.75, 2.875], "texture": "#0", "tintindex": 0}
			}
		},
		{
			"from": [6.94057, 8.08254, -1.25375],
			"to": [14.06857, 9.81054, 0.47424],
			"rotation": {"angle": -45, "axis": "y", "origin": [8.62849, 9.66913, 6.46829]},
			"faces": {
				"north": {"uv": [9.625, 2.375, 8.25, 2.75], "texture": "#0", "tintindex": 0},
				"east": {"uv": [8.875, 1.125, 8.375, 1.625], "texture": "#0", "tintindex": 0},
				"south": {"uv": [9.5, 2.375, 8.5, 2.75], "texture": "#0", "tintindex": 0},
				"west": {"uv": [8.875, 0.75, 8.375, 1.25], "texture": "#0", "tintindex": 0},
				"up": {"uv": [8.375, 2.75, 9.5, 2.375], "texture": "#0", "tintindex": 0},
				"down": {"uv": [8.375, 2.375, 9.75, 2.75], "texture": "#0", "tintindex": 0}
			}
		},
		{
			"from": [16.39877, 8.29854, 8.48758],
			"to": [17.69477, 9.59454, 15.18358],
			"rotation": {"angle": 22.5, "axis": "y", "origin": [8.62849, 9.66913, 6.46829]},
			"faces": {
				"north": {"uv": [8.875, 1, 8.375, 1.375], "texture": "#0", "tintindex": 0},
				"east": {"uv": [9.5, 2.375, 8.25, 2.625], "texture": "#0", "tintindex": 0},
				"south": {"uv": [8.875, 1, 8.5, 1.375], "texture": "#0", "tintindex": 0},
				"west": {"uv": [9.625, 2.5, 8.375, 2.75], "texture": "#0", "tintindex": 0},
				"up": {"uv": [8.5, 2, 8.875, 0.125], "texture": "#0", "tintindex": 0},
				"down": {"uv": [8.5, 0.125, 8.875, 2], "texture": "#0", "tintindex": 0}
			}
		},
		{
			"from": [19.556, 7.866, 10.93756],
			"to": [20.204, 8.514, 13.74556],
			"rotation": {"angle": 22.5, "axis": "x", "origin": [19.88, 9, 13.42156]},
			"faces": {
				"north": {"uv": [9.5, 1.75, 9.375, 1.875], "texture": "#0"},
				"east": {"uv": [10.5, 1.625, 9.875, 1.875], "texture": "#0"},
				"south": {"uv": [9.625, 1.75, 9.5, 1.875], "texture": "#0"},
				"west": {"uv": [10.5, 1.625, 9.875, 1.875], "texture": "#0"},
				"up": {"uv": [9.375, 2.125, 9.625, 1.5], "texture": "#0"},
				"down": {"uv": [9.375, 1.5, 9.625, 2.125], "texture": "#0"}
			}
		},
		{
			"from": [4.22, 9, 1.52],
			"to": [20.78, 9, 18.44],
			"rotation": {"angle": -45, "axis": "y", "origin": [13.4, 9, 9.08]},
			"faces": {
				"north": {"uv": [4.625, 0, 0, 0], "texture": "#0", "tintindex": 0},
				"east": {"uv": [4.75, 0, 0, 0], "texture": "#0", "tintindex": 0},
				"south": {"uv": [4.625, 0, 0, 0], "texture": "#0", "tintindex": 0},
				"west": {"uv": [4.75, 0, 0, 0], "texture": "#0", "tintindex": 0},
				"up": {"uv": [0, 4.75, 4.625, 0], "texture": "#0", "tintindex": 0},
				"down": {"uv": [0, 0, 4.625, 4.75], "texture": "#0", "tintindex": 0}
			}
		},
		{
			"from": [5.84, 8.64, 2.6],
			"to": [7.46, 9.09, 14.66],
			"rotation": {"angle": 0, "axis": "y", "origin": [13.4, 9, 9.08]},
			"faces": {
				"north": {"uv": [2.25, 4, 1, 4.25], "texture": "#0", "tintindex": 0},
				"east": {"uv": [2.5, 4, 1.25, 4.25], "texture": "#0", "tintindex": 0},
				"south": {"uv": [2.375, 4, 1.125, 4.25], "texture": "#0", "tintindex": 0},
				"west": {"uv": [2.625, 4, 1.25, 4.25], "texture": "#0", "tintindex": 0},
				"up": {"uv": [2.5, 3.875, 0.875, 4.25], "rotation": 270, "texture": "#0", "tintindex": 0},
				"down": {"uv": [2.5, 4.25, 0.875, 3.875], "rotation": 90, "texture": "#0", "tintindex": 0}
			}
		},
		{
			"from": [-4.50743, 6.72694, 2.6],
			"to": [7.37257, 6.72694, 14.48],
			"rotation": {"angle": 22.5, "axis": "z", "origin": [1.43257, 6.72694, 9.08]},
			"faces": {
				"north": {"uv": [3.25, 0, 0, 0], "texture": "#0", "tintindex": 0},
				"east": {"uv": [3.25, 0, 0, 0], "texture": "#0", "tintindex": 0},
				"south": {"uv": [3.25, 0, 0, 0], "texture": "#0", "tintindex": 0},
				"west": {"uv": [3.25, 0, 0, 0], "texture": "#0", "tintindex": 0},
				"up": {"uv": [4.75, 3.25, 8, 0], "texture": "#0", "tintindex": 0},
				"down": {"uv": [4.75, 0, 8, 3.25], "texture": "#0", "tintindex": 0}
			}
		}
	],
	"display": {
		"thirdperson_righthand": {
			"rotation": [74, -296.5, -46.25],
			"translation": [18.75, 8.5, -6.5],
			"scale": [2.5, 2.5, 2.5]
		},
		"thirdperson_lefthand": {
			"rotation": [74, -296.5, -46.25],
			"translation": [18.75, 8.5, -6.5],
			"scale": [2.5, 2.5, 2.5]
		},
		"firstperson_righthand": {
			"rotation": [0, 45, 0],
			"translation": [3.75, 0.75, 0],
			"scale": [0.4, 0.4, 0.4]
		},
		"firstperson_lefthand": {
			"rotation": [0, 45, 0],
			"translation": [3.75, 0.75, 0],
			"scale": [0.4, 0.4, 0.4]
		},
		"ground": {
			"translation": [0, 3, 0],
			"scale": [0.25, 0.25, 0.25]
		},
		"gui": {
			"rotation": [19.5, 135, 0],
			"translation": [0.5, 0, 0],
			"scale": [0.42969, 0.42969, 0.42969]
		},
		"head": {
			"rotation": [45, 0, 0],
			"translation": [0, -18.25, 34.5],
			"scale": [3.2, 3.2, 3.2]
		},
		"fixed": {
			"translation": [0, 7, 4.25],
			"scale": [2, 2, 2]
		}
	},
	"groups": [
		{
			"name": "all",
			"origin": [8, 8, 8],
			"color": 0,
			"children": [
				{
					"name": "WingArm",
					"origin": [8, 8.78002, 20.16059],
					"color": 0,
					"children": [0, 1, 2, 3]
				},
				{
					"name": "LARGEHORNS",
					"origin": [4, 4.75268, 15.69133],
					"color": 0,
					"children": [4]
				},
				{
					"name": "WingFlat",
					"origin": [8, 11.5, 21],
					"color": 0,
					"children": [5, 6, 7]
				}
			]
		}
	]
}